CLUSTER,BALANCE,BALANCE_FREQUENCY,PURCHASES,ONEOFF_PURCHASES,INSTALLMENTS_PURCHASES,CASH_ADVANCE,PURCHASES_FREQUENCY,ONEOFF_PURCHASES_FREQUENCY,PURCHASES_INSTALLMENTS_FREQUENCY,CASH_ADVANCE_FREQUENCY,CASH_ADVANCE_TRX,PURCHASES_TRX,CREDIT_LIMIT,PAYMENTS,MINIMUM_PAYMENTS,PRC_FULL_PAYMENT,TENURE
0,3067.114420486127,0.9691761682080925,1030.2919768786128,611.9752716763005,418.5766242774567,2465.657980576301,0.5641378826589595,0.2518020595375723,0.3844381647398844,0.32362645895953757,8.34450867052023,16.77514450867052,5259.653179190752,2428.655697113295,1461.1122872404626,0.029881077456647403,11.432947976878612
1,336.3097679521579,0.745187568752091,416.71656406825025,113.33367681498828,303.7897356975577,26.204051286717966,0.5464948581465373,0.0619587480762797,0.46943258313817326,0.00877222181331549,0.13047842087654735,8.874539979926396,3170.664676203078,658.956629364336,410.73555841518896,0.23458775276012042,11.455336232853798
2,1437.7248383167225,0.9608933191183516,2846.8647005270723,1869.1245088643986,978.1877000479157,78.64534394010542,0.8421575083852421,0.5666830776233828,0.5664493852419742,0.018453373263057023,0.2889314805941543,36.33924293243891,6247.5755639770005,2775.620686381888,751.4045664072833,0.26229872065165305,11.827503593675132
3,2187.5840141333956,0.9058527159514925,4.340345149253731,1.8563619402985074,2.5245382462686567,1983.6060671968282,0.01008536380597015,0.003972212686567164,0.005280934701492537,0.2728239076492537,6.365671641791045,0.12406716417910447,4015.3084011763062,1654.7207938278918,1043.9931857178171,0.035191985541044774,11.369869402985074
