CLUSTER,BALANCE,BALANCE_FREQUENCY,PURCHASES,ONEOFF_PURCHASES,INSTALLMENTS_PURCHASES,CASH_ADVANCE,PURCHASES_FREQUENCY,ONEOFF_PURCHASES_FREQUENCY,PURCHASES_INSTALLMENTS_FREQUENCY,CASH_ADVANCE_FREQUENCY,CASH_ADVANCE_TRX,PURCHASES_TRX,CREDIT_LIMIT,PAYMENTS,MINIMUM_PAYMENTS,PRC_FULL_PAYMENT,TENURE
0,3398.832872758985,0.9733537808315714,1171.1059760394644,677.6181536293165,493.73851303735023,2884.9963451966173,0.6197095348837209,0.2685186335447498,0.44047244961240306,0.3637922226920367,9.651867512332629,19.21000704721635,5779.140239605356,2742.0793004319944,1551.4574237427767,0.032351835799859056,11.422128259337562
1,364.364777518635,0.7948926268522676,493.26559497081274,21.961926358329592,471.8497260889089,25.530897569824877,0.7091500925011226,0.02094445801526718,0.6675724508307139,0.008129524023349799,0.12258643915581499,11.91692860350247,3068.851990946565,699.471745648406,586.0536631926359,0.29413877458464305,11.506960035922766
2,1530.6688378642677,0.9686709696969698,3377.998453282828,2195.6803409090912,1182.7278345959596,92.09212944633838,0.9066324722222222,0.6096099955808081,0.6706302960858587,0.021557477904040404,0.33775252525252525,43.361111111111114,6719.705132129418,3188.6640556527777,715.7557597127526,0.30041345643939393,11.845328282828282
3,2150.8790810697137,0.8919100087719298,4.1172945521698985,1.2342613111726684,2.9231763619575255,1981.9667999007386,0.009745228993536473,0.0025304750692520775,0.006394487996306556,0.2730027349953832,6.351338873499539,0.11542012927054478,3994.4696270184677,1652.6878210720222,999.6745407539244,0.038977640812557716,11.341181902123731
4,826.436276039897,0.7940194362934362,552.5828764478765,522.0296203346204,30.797065637065636,110.3058637168597,0.30423315315315314,0.2659084794079794,0.04753610231660232,0.032010302445302445,0.525096525096525,5.740669240669241,3792.0595920592023,921.7102227503217,486.61762575353924,0.0736881036036036,11.53024453024453
