model,n_clusters_found,silhouette_score,davies_bouldin_score
kmeans,5,0.2218311343718043,1.5626410100122885
hierarchical,5,0.14222737514790063,1.926482923218763
gmm,5,0.185264848385452,1.7896606167055507
dbscan,3,0.08424531995505134,2.691097924906283
