model,n_clusters_found,silhouette_score,davies_bouldin_score
kmeans,4,0.2016678189972035,1.6967940232996135
hierarchical,4,0.15594937777362444,1.7847606799776332
gmm,4,0.17162850551994355,2.0207150673189123
dbscan,3,0.08424531995505134,2.691097924906283
